Date,Open,High,Low,Close,voLume
10/7/2022,12.48999325,12.6547952,12.00757308,12.06150818,672478000
10/10/2022,12.02255457,12.10945006,11.3943097,11.65599537,698699000
10/11/2022,11.54712625,11.83178409,11.26945999,11.57209682,667482000
10/12/2022,11.56510505,11.72091702,11.33138565,11.48619938,492590000
10/13/2022,10.95783379,12.06350566,10.8000234,11.94564724,850103000
10/14/2022,12.04253262,12.09646772,11.19055647,11.21352863,713432000
10/17/2022,11.50417672,11.93366098,11.50317847,11.87373257,580774000
10/18/2022,12.32918703,12.4770092,11.6040584,11.95263958,659362000
10/19/2022,11.8647446,12.33518006,11.81979852,12.03653812,523131000
10/20/2022,12.09846299,12.75367586,12.09047222,12.17936611,652398000
10/21/2022,12.08348369,12.48300432,11.87273737,12.45104218,609494000
10/24/2022,12.49299003,12.69474728,12.04952261,12.58388042,517457000
10/25/2022,12.67876763,13.28404038,12.64880294,13.24508667,505482000
10/26/2022,12.85355756,13.37193386,12.69275051,12.88052464,532953000
10/27/2022,13.61364436,13.82139494,13.10625357,13.16018867,583113000
10/28/2022,13.08827457,13.83337962,13.04532595,13.81739807,521040000
10/31/2022,13.76146643,13.82139485,13.28104368,13.48080349,486341000
11/1/2022,13.79442865,13.90829219,13.50277919,13.52675056,432817000
11/2/2022,13.83338273,14.19295045,13.19514948,13.20313931,672628000
11/3/2022,13.02734818,13.76446247,12.94045269,13.40489388,500065000
11/4/2022,13.96921721,14.21192565,13.68056349,14.13901329,612576000
11/7/2022,14.21092782,14.39470705,13.93725737,14.28384018,410061000
11/8/2022,14.78323802,14.87313017,14.19894,14.58447742,595292000
11/9/2022,14.14500552,14.19394746,13.74248923,13.75946903,454414000
11/10/2022,14.78224027,15.75407225,14.52954361,15.73110008,700819000
11/11/2022,15.78803002,16.36933134,15.46342025,16.30740547,655487000
11/14/2022,16.19853867,16.52015277,15.9028934,16.27544594,527852000
11/15/2022,16.70193629,16.9776042,16.36234408,16.64600372,545876000
11/16/2022,16.14260666,16.34236552,15.85395294,15.89090824,649547000
11/17/2022,15.69614142,16.24648079,15.51635712,15.65818691,710894000
11/18/2022,15.94683943,15.98279743,15.10185496,15.39050865,492072000
11/21/2022,15.12882415,15.45842807,15.06190416,15.29862022,404739000
11/22/2022,15.30960872,16.03873333,15.10385557,16.01875687,472866000
11/23/2022,16.0786817,16.50716775,16.02874247,16.49917603,427241000
11/25/2022,16.29841957,16.4672155,16.15259486,16.25047684,167934000
11/28/2022,16.00676881,16.33737291,15.7061313,15.80800819,303741000
11/29/2022,15.8080096,15.91288411,15.50137874,15.62023544,298384000
11/30/2022,15.68217568,16.91401202,15.58227069,16.90701866,565298000
12/1/2022,16.98294515,17.24869275,16.61928862,17.11881638,470977000
12/2/2022,16.64326564,16.91700701,16.42946707,16.86005974,371389000
12/5/2022,16.66324966,16.97895122,16.45644441,16.59431458,352255000
12/6/2022,16.5143883,16.55734696,15.80405939,15.97190094,352694000
12/7/2022,15.75710639,16.17071595,15.65220505,16.10477829,372388000
12/8/2022,16.25763253,17.16277704,15.94392799,17.15278625,515456000
12/9/2022,17.14379362,17.56639447,16.95896887,16.98494339,465338000
12/12/2022,17.02091135,17.52143767,16.78113823,17.51844025,457328000
12/13/2022,18.51349971,18.77225589,17.69427441,18.05493355,656589000
12/14/2022,17.97001077,18.23476177,17.40354686,17.65730667,496888000
12/15/2022,17.1298064,17.30364185,16.68422848,16.93598938,478542000
12/16/2022,16.84807381,17.0249067,16.3945021,16.55534935,478232000
12/19/2022,16.55634595,16.59330975,16.12974927,16.23864555,354039000
12/20/2022,16.04883079,16.29459879,15.83703203,16.06981087,403260000
12/21/2022,16.09878089,16.61129686,16.08679119,16.48541451,325025000
12/22/2022,16.07879952,16.12275859,14.86794433,15.32451248,565045000
12/23/2022,15.18164626,15.32451083,14.86894218,15.19163704,349326000
12/27/2022,15.05976211,15.08573757,14.04272306,14.1076622,464902000
12/28/2022,13.91384597,14.2485296,13.87088636,14.02274323,351066000
12/29/2022,14.38839823,14.66913202,14.21356332,14.58920765,354923000
12/30/2022,14.32046062,14.61518206,14.21955619,14.60019684,310490000
1/3/2023,14.83697335,14.98183686,14.08268632,14.30147934,401277000
1/4/2023,14.55324197,14.83897114,14.22754966,14.73506927,431324000
1/5/2023,14.4773132,14.55024421,14.13463676,14.25152683,389168000
1/6/2023,14.46032841,14.99582238,14.02074443,14.84496498,405044000
1/9/2023,15.26956621,16.04083649,15.12670065,15.6132412,504231000
1/10/2023,15.49235543,15.94692566,15.45738863,15.89397621,384101000
1/11/2023,15.82503934,16.0128615,15.54830054,15.98588657,353285000
1/12/2023,16.08479408,16.62128564,15.47736758,16.4954052,551409000
01/13/2023,16.26262754,16.90602038,16.14973529,16.88304138,447287000
01/17/2023,16.88304244,17.71126008,16.88304244,17.68528366,511102000
01/18/2023,17.65031705,17.8561219,17.26568038,17.36059189,439624000
01/19/2023,17.01990853,17.18075766,16.7151982,16.74916458,452932000
01/20/2023,16.99493224,17.83913533,16.809109,17.82215118,564967000
01/23/2023,18.04693985,19.2268262,17.80117379,19.17487526,655163000
01/24/2023,18.80921912,19.47658942,18.80222576,19.24680519,496204000
01/25/2023,18.89513968,19.35170885,18.56245397,19.30475235,449537000
01/26/2023,19.68239405,20.14695504,19.2597932,19.78329849,489535000
01/27/2023,19.4436172,20.60851623,19.38667184,20.34576416,542142000
01/30/2023,19.93116361,20.12098284,19.13191784,19.14390755,488611000
01/31/2023,19.15189687,19.66840884,18.93210531,19.51855087,498017000
2/1/2023,19.67240141,21.17198314,19.59247705,20.92321968,660477000
2/2/2023,20.98016749,21.92827066,20.68045158,21.68849754,564276000
2/3/2023,20.98016837,21.72446565,20.76936718,21.08007431,429366000
2/6/2023,20.78635049,21.5496289,20.76636892,21.06908417,452197000
2/7/2023,21.36180623,22.23797878,21.13002499,22.15205956,664150000
2/8/2023,22.36585594,22.85639335,21.98721418,22.18402863,559651000
2/9/2023,22.58464772,22.99825622,22.09910672,22.3159008,523876000
2/10/2023,21.66951864,22.05715083,20.79134897,21.24491882,550737000
02/13/2023,21.51765784,22.02717639,20.94220165,21.76742172,474919000
02/14/2023,21.55761692,23.02722811,21.34581728,22.94930267,675474000
02/15/2023,22.52770132,22.83341205,22.08512087,22.7424984,420575000
02/16/2023,22.11209513,22.5287011,21.90629032,21.98122025,412026000
02/17/2023,21.61057028,21.71946658,20.95518973,21.36779976,465888000
02/21/2023,20.98016773,21.47370068,20.59852852,20.63549423,410015000
02/22/2023,20.6874433,21.0840677,20.40171222,20.73439789,513184000
02/23/2023,23.41786179,23.86543861,23.00325283,23.64164925,1117995000
02/24/2023,23.20306816,23.45183357,22.92533081,23.26400948,589716000
02/27/2023,23.64764657,23.85744733,23.43185095,23.47880554,452994000
02/28/2023,23.34992552,23.8024987,23.18408194,23.19407272,455963000
3/1/2023,23.17009425,23.23403488,22.48674028,22.67656136,460026000
3/2/2023,22.46676437,23.35792031,22.4108156,23.29198265,389415000
3/3/2023,23.29797598,23.87742815,23.10815489,23.86743736,412393000
3/6/2023,23.86843513,24.22509638,23.46481548,23.53175354,437429000
3/7/2023,23.58171513,24.10630798,23.22299212,23.26995659,515154000
3/8/2023,23.4687995,24.18124825,23.40584859,24.16226196,513573000
3/9/2023,24.15626674,24.43505179,23.36488062,23.41784096,501257000
3/10/2023,23.39085883,23.6086903,22.70838758,22.94720268,474866000
03/13/2023,22.73436918,23.27994558,22.27972185,22.94820213,421890000
03/14/2023,23.47779528,24.20023466,23.44182196,24.04435539,474910000
03/15/2023,23.74258939,24.26718223,23.34190102,24.20922852,524486000
03/16/2023,24.0083865,25.5681761,23.87548821,25.52121353,583253000
03/17/2023,25.96187329,26.37855007,25.64811545,25.7050724,848547000
03/20/2023,25.59515337,26.00383688,25.11052854,25.8799324,432747000
03/21/2023,26.15971702,26.37155266,25.36133627,26.1787014,547408000
03/22/2023,26.40452665,27.56762631,26.21667257,26.44749451,797295000
03/23/2023,27.09399199,27.47769526,26.66932203,27.16993332,564889000
03/24/2023,27.01005868,27.14595299,26.33458179,26.7582531,454920000
03/27/2023,26.81620732,26.97908114,26.34457289,26.51044464,361026000
03/28/2023,26.42651362,26.49246248,25.82997596,26.38954163,356104000
03/29/2023,26.80421561,27.05701792,26.57639163,26.9630909,393694000
03/30/2023,27.20790397,27.47769524,27.08100155,27.36178398,364516000
03/31/2023,27.1189723,27.81243486,27.08399957,27.75547981,433933000
4/3/2023,27.48768661,27.9783054,27.31482032,27.94333267,398716000
4/4/2023,27.94433138,27.97830543,27.28584158,27.43172836,368592000
4/5/2023,26.80821823,26.97708604,26.3745544,26.86017799,515015000
4/6/2023,26.56340409,27.05902011,26.40652613,27.01605415,397654000
4/10/2023,26.80221953,27.59960163,26.64833951,27.55763435,395279000
4/11/2023,27.70252144,27.76847029,27.10498327,27.14795113,314378000
4/12/2023,27.34879408,27.44671772,26.42750758,26.47447205,446259000
04/13/2023,26.71328721,26.86616855,26.3086022,26.44249725,353615000
04/14/2023,26.48346364,26.86216969,26.19968329,26.73726654,395660000
04/17/2023,26.54441742,26.98507571,26.41251973,26.9810791,321471000
04/18/2023,27.51166998,28.08822262,27.33580574,27.64556503,604812000
04/19/2023,27.33980278,27.97830767,27.21090301,27.90936089,358660000
04/20/2023,27.64956226,28.00828529,26.97908257,27.08300209,427713000
04/21/2023,26.9311177,27.16193963,26.70129636,27.09798813,345103000
04/24/2023,26.99207073,27.34479596,26.65033475,27.02104759,339282000
04/25/2023,27.05701825,27.22588792,26.20468044,26.22066689,378527000
04/26/2023,26.98107779,27.30882275,26.68430704,26.935112,406337000
04/27/2023,27.34179753,27.47369521,26.60436853,27.20490265,377161000
04/28/2023,27.20390861,27.73649472,27.05002668,27.72750282,292216000
5/1/2023,27.81843114,29.03548791,27.75847816,28.88760185,570329000
5/2/2023,28.65777985,28.81365913,28.06124227,28.18814278,402730000
5/3/2023,27.8184272,28.34501926,27.45071233,27.78045654,383387000
5/4/2023,27.62957353,27.83741254,27.21889269,27.54064369,321850000
5/5/2023,27.80444126,28.73272044,27.70951555,28.65777969,361494000
5/8/2023,28.49990177,29.19736094,28.32803604,29.12841415,344979000
5/9/2023,28.87660935,28.95055142,28.42795782,28.54886246,314869000
5/10/2023,28.98252727,29.0904453,28.43895002,28.86262131,369350000
5/11/2023,28.87361497,28.92757399,28.22411888,28.55586052,322149000
5/12/2023,28.50689742,28.75770432,28.0242718,28.31804466,274222000
05/15/2023,28.48591187,28.94655514,28.1301887,28.93056679,293926000
05/16/2023,28.81865521,29.84685923,28.80966331,29.19036674,449405000
05/17/2023,29.56107955,30.17560286,29.40719953,30.15461922,432535000
05/18/2023,30.38644035,31.80334105,30.29650992,31.65345764,748725000
05/19/2023,31.5115633,31.55552983,30.89204478,31.2397747,473908000
05/22/2023,30.87705747,31.49557927,30.65622994,31.15184593,372000000
05/23/2023,30.97597933,31.26375627,30.60726577,30.66422081,356253000
05/24/2023,30.18659444,30.58328814,29.78290811,30.51434135,721419000
05/25/2023,38.49315152,39.44941078,36.60661384,37.95057297,1543911000
05/26/2023,37.860647,39.1396542,37.52091024,38.9158287,714397000
05/30/2023,40.56354787,41.90550581,39.91804849,40.07992172,923401000
05/31/2023,39.45740936,40.26378342,37.79269957,37.80469131,1002580000
6/1/2023,38.45917585,40.01896716,38.31029304,39.73918533,635873000
6/2/2023,40.06592392,40.46861146,39.02772771,39.29652023,482731000
6/5/2023,38.87885366,39.53434363,38.67701051,39.1406517,396094000
6/6/2023,38.79992394,39.12966634,38.1184492,38.62405777,388729000
6/7/2023,38.88887232,39.47247984,37.33091715,37.44983673,511998000
6/8/2023,37.69867073,38.83790472,37.47981982,38.4841423,417772000
6/9/2023,39.01078798,39.68433522,38.54110615,38.74396896,427717000
6/12/2023,39.17369313,39.50346968,38.59208298,39.45550156,388701000
06/13/2023,40.15902,41.07340658,39.7133203,40.99445724,613208000
06/14/2023,40.79659433,42.97113217,40.52477376,42.96813583,740465000
06/15/2023,42.57340612,43.25994527,42.11870969,42.62437057,568622000
06/16/2023,43.4208282,43.69164616,42.63235648,42.66333771,655709000
06/20/2023,42.96913359,43.96046817,42.6453498,43.77858734,451153000
06/21/2023,43.471797,43.5857227,42.05175331,43.01610184,551603000
06/22/2023,42.224628,43.39684074,42.20564357,42.99611282,417737000
06/23/2023,42.43549394,42.78025975,41.98679405,42.18066406,358140000
06/26/2023,42.43249171,42.73528969,40.07307674,40.60472107,594322000
06/27/2023,40.77160853,41.91184134,40.42084626,41.84788513,462175000
06/28/2023,40.63269595,41.81690158,40.49079302,41.0893898,582639000
06/29/2023,41.53009978,41.5720714,40.57274272,40.79459381,380514000
06/30/2023,41.65202124,42.52143615,41.47314054,42.27360153,501148000
7/3/2023,42.48845175,42.86919646,42.17366462,42.38452148,198209000
7/5/2023,42.10671245,43.14801276,42.05674678,42.28859329,323618000
7/6/2023,41.81590875,42.15068292,41.318242,42.07473373,303582000
7/7/2023,42.29358617,43.18498944,42.15168321,42.47446442,355881000
7/10/2023,42.62836092,42.78225685,41.62103447,42.15167999,353908000
7/11/2023,42.45247506,42.7292895,42.03875539,42.37652588,298244000
7/12/2023,43.00410823,43.90550305,42.7482796,43.87252426,481277000
07/13/2023,44.48811628,46.12401457,44.46213276,45.94613647,478204000
07/14/2023,46.55173101,48.05572184,45.02975452,45.43848038,772075000
07/17/2023,46.25792416,46.4647821,45.23161324,46.42980576,510488000
07/18/2023,46.66964932,47.8638468,45.70329943,47.46211624,569164000
07/19/2023,47.43213997,47.78590244,46.7106245,47.04539871,427502000
07/20/2023,46.47577392,47.05538632,45.03174443,45.4894371,537865000
07/21/2023,45.75725826,45.83520882,44.07039178,44.2792511,963769000
07/24/2023,44.70096609,45.07871446,44.01043196,44.58204651,382516000
07/25/2023,44.91083099,46.15199395,44.89284152,45.6483345,348081000
07/26/2023,45.99010415,46.02208416,44.60003915,45.4214859,364237000
07/27/2023,46.48777418,47.3631856,45.71928938,45.86919022,455976000
07/28/2023,46.63666699,46.99542712,46.34986093,46.71861267,331194000
07/31/2023,46.72261276,47.09835978,46.47477816,46.69762802,251055000
8/1/2023,46.42880734,46.86851438,45.99609939,46.47577667,237858000
8/2/2023,45.80022837,45.80922119,43.35786913,44.23927689,530142000
8/3/2023,43.7705949,45.08771088,43.7705949,44.48511505,324176000
8/4/2023,44.95480089,45.61135751,44.36319926,44.65000534,362666000
8/7/2023,45.0807222,45.50943511,44.53308967,45.38651657,322154000
8/8/2023,44.82289024,45.21162904,44.02642439,44.63401794,353843000
8/9/2023,44.24427529,44.28225179,42.10571257,42.52543259,586449000
8/10/2023,42.13170286,43.54475528,41.80692024,42.35955048,492705000
8/11/2023,41.72297026,41.98979311,40.61171728,40.82757187,533085000
08/14/2023,40.45882369,43.77059833,40.28394192,43.723629,690286000
08/15/2023,44.53008608,45.23761095,43.68065444,43.91049957,676512000
08/16/2023,44.49010851,44.64500322,43.37685425,43.45680237,527451000
08/17/2023,43.94048245,44.03241974,42.97213121,43.31490326,452395000
08/18/2023,42.60637609,43.54874382,41.63203217,43.26993179,583768000
08/21/2023,44.46412388,47.03339672,44.19230716,46.93546295,692573000
08/22/2023,48.10267939,48.15464642,45.30256257,45.63733673,755293000
08/23/2023,45.83521628,47.16832054,45.17765698,47.08437729,779046000
08/24/2023,50.18228804,50.23225371,47.12734109,47.13133621,1156044000
08/25/2023,46.98043846,47.77290533,44.99377037,45.98710632,925341000
08/28/2023,46.4507909,46.94845764,44.85786313,46.80355453,685192000
08/29/2023,46.63466573,49.04804505,46.35984885,48.75124359,701397000
08/30/2023,49.01106919,49.89347574,48.39248533,49.2309227,735206000
08/31/2023,49.34685364,49.71060771,48.92513603,49.3218689,528570000
9/1/2023,49.72859378,49.76656647,48.1096786,48.4764328,463830000
9/5/2023,48.19062878,48.81820938,47.82787349,48.51541138,382653000
9/6/2023,48.41247152,48.52040581,46.55256754,47.03328323,468670000
9/7/2023,45.49819008,46.31670799,45.12540866,46.21376801,433330000
9/8/2023,45.91494321,46.5785498,45.24433698,45.54515839,473069000
9/11/2023,46.12080833,46.13579888,44.28589157,45.15138245,473966000
9/12/2023,44.71164468,45.64609527,44.50476589,44.84356689,349256000
09/13/2023,44.57372538,45.90294373,44.4767824,45.45820618,398355000
09/14/2023,45.92293942,45.95991638,45.10442151,45.55415726,370097000
09/15/2023,45.31429093,45.57213838,43.78219302,43.87414169,506831000
09/18/2023,42.72281687,44.21593618,41.97525644,43.94009781,500271000
09/19/2023,43.80718105,43.94010213,42.97666926,43.49436569,373064000
09/20/2023,43.57431737,43.8771403,42.19812954,42.21411896,367108000
09/21/2023,41.55850834,42.07520212,40.95586286,40.99283981,450736000
09/22/2023,41.54750774,42.09019093,41.20670903,41.58548737,479236000
09/25/2023,41.56649572,42.51093866,41.15273817,42.19712448,419091000
09/26/2023,41.97626154,42.7947794,41.63046465,41.88631439,402282000
09/27/2023,42.30507014,42.84675073,41.6044828,42.44298553,444935000
09/28/2023,42.43498662,43.42040585,42.09019245,43.06361771,424663000
09/29/2023,43.80118313,44.11799774,43.28148898,43.47337723,397830000
10/2/2023,44.00405936,45.14838526,43.8351602,44.75561905,433298000
10/3/2023,44.7816034,45.10341612,43.22052326,43.49136353,470850000
10/4/2023,43.71624054,44.11700536,43.26650478,44.01506424,361821000
10/5/2023,44.02405737,44.87355908,43.86215403,44.66168213,393483000
10/6/2023,44.16696663,45.76202709,44.00006519,45.73504257,434436000
10/9/2023,44.81558061,45.57813158,44.34186084,45.24632645,409675000
10/10/2023,45.28331129,46.23174978,45.06144194,45.7710228,368582000
10/11/2023,46.16878585,46.83139731,46.02287195,46.77842712,378137000
10/12/2023,46.74945045,47.58096116,46.30271512,46.91735077,481325000
10/13/2023,46.93233691,47.08824706,45.25332622,45.43421936,474115000
10/16/2023,45.03645463,46.19776888,44.8855426,46.06784821,375099000
10/17/2023,43.97408076,44.72763821,42.45497569,43.912117,812333000
10/18/2023,42.5659142,43.19354649,41.80036652,42.17114639,627294000
10/19/2023,42.78578326,43.27149704,41.85732962,42.07620239,501233000
10/20/2023,41.86532336,42.44498353,41.05380141,41.36262131,477266000
10/23/2023,41.2047179,43.22252979,40.92088476,42.94968796,478530000
10/24/2023,43.05162238,43.67125606,42.66585201,43.6372757,401463000
10/25/2023,43.37243658,43.62429086,41.53052363,41.75439072,398379000
10/26/2023,41.82834704,42.23110953,39.85650967,40.30224609,541001000
10/27/2023,41.10577284,41.18172828,39.99142797,40.47614288,416784000
10/30/2023,41.06280298,41.74140012,40.45715709,41.1367569,388028000
10/31/2023,40.426174,40.85492215,39.20689141,40.75597763,517969000
11/1/2023,40.85992225,42.35604231,40.84493169,42.30007553,437593000
11/2/2023,43.30247683,43.85814908,42.86873437,43.48037338,409172000
11/3/2023,43.99406857,45.28230688,43.69724265,44.97848892,424610000
11/6/2023,45.25831974,45.90793832,44.87254557,45.7240448,400733000
11/7/2023,45.69207549,46.19077834,45.13140506,45.92793655,343165000
11/8/2023,46.07284239,46.83939268,45.94092018,46.54656601,346719000
11/9/2023,47.43903795,48.20158899,46.72246126,46.92234421,540496000
11/10/2023,47.47201898,48.44344652,47.25514775,48.30652618,421245000
11/13/2023,48.29153567,49.0870682,48.07066518,48.59135818,384136000
11/14/2023,49.65073125,49.80463985,49.01110892,49.62674332,416954000
11/15/2023,49.90559139,49.93057438,48.17161264,48.85920715,475497000
11/16/2023,48.65033212,49.49583455,48.30153863,49.45085907,339756000
11/17/2023,49.4948315,49.68771863,48.97813769,49.26896667,325205000
11/20/2023,49.28295286,50.51822485,49.15202951,50.37930679,414120000
11/21/2023,50.0964733,50.48724183,49.19300646,49.9145813,565747000
11/22/2023,49.82263402,50.30534739,47.66190506,48.68730164,899420000
11/24/2023,48.44145529,48.89218989,47.71687998,47.74786377,294645000
11/27/2023,47.77184013,48.50140962,47.6239285,48.21358109,395662000
11/28/2023,48.20758789,48.29453845,47.44503683,47.79283142,401491000
11/29/2023,48.3505062,48.73328003,47.83181089,48.11164474,382005000
11/30/2023,47.99570985,48.08166154,46.39465613,46.74245071,526247000
12/1/2023,46.49759696,47.17219861,46.1597948,46.73745346,369317000
12/4/2023,46.04985982,46.04985982,44.98348695,45.48319244,437543000
12/5/2023,45.44321632,46.57664694,45.24831434,46.54266739,371718000
12/6/2023,47.19133395,47.36324862,45.38923629,45.48019028,380590000
12/7/2023,45.67709251,46.60562768,45.58113996,46.57264328,350823000
12/8/2023,46.5716465,47.717072,46.52666707,47.48218918,359224000
12/11/2023,47.46719927,47.50717632,45.80703244,46.60363007,509728000
12/12/2023,46.02292498,47.64211204,46.02292498,47.63311768,372387000
12/13/2023,47.60513041,48.56964691,47.58414102,48.06389999,447792000
12/14/2023,48.36574839,48.64560684,47.398235,48.32576752,391232000
12/15/2023,48.16985101,49.37924379,48.09588678,48.8655014,479948000
12/18/2023,49.37524016,50.40771951,49.12536547,50.05189896,412587000
12/19/2023,49.39922962,49.67509227,48.87049541,49.57913971,464444000
12/20/2023,49.63010831,49.97393764,48.07388957,48.08688354,397894000
12/21/2023,48.78653534,49.07039339,48.39472972,48.96544647,300425000
12/22/2023,49.17034165,49.35824714,48.4427059,48.80552673,252507000
12/26/2023,48.94345422,49.57513741,48.93545881,49.25429916,244200000
12/27/2023,49.48618564,49.65509965,49.06039666,49.39223099,233648000
12/28/2023,49.61812632,49.85900287,49.38723926,49.49718475,246587000
12/29/2023,49.7880393,49.97194903,48.72657118,49.49718475,389293000
1/2/2024,49.21931694,49.27029006,47.57114521,48.14385605,411254000
1/3/2024,47.46120466,48.15985187,47.29628643,47.5451622,320896000
1/4/2024,47.74306238,48.47569678,47.48419329,47.97394943,306535000
1/5/2024,48.43771523,49.52217057,48.28179137,49.07239532,415039000
1/8/2024,49.48718686,52.2488026,49.45420245,52.22681046,642510000
1/9/2024,52.37474091,54.29777651,51.66409487,53.11336899,773100000
1/10/2024,53.58913203,54.57263625,53.46219296,54.32276154,533796000
1/11/2024,54.9714384,55.31826462,53.53316036,54.79452515,596759000
1/12/2024,54.592624,54.94245087,54.30277224,54.68257904,352994000
01/16/2024,54.99042965,56.8065166,54.87248876,56.35374451,449580000
01/17/2024,56.31876135,56.44269976,54.71256827,56.02490997,474394000
01/18/2024,57.23130762,57.57113741,56.07888546,57.0783844,491650000
01/19/2024,57.95992808,59.47017219,57.19631114,59.46117783,543501000
01/22/2024,60.01890221,60.30076236,59.04039281,59.62409973,452955000
01/23/2024,59.54014514,59.8799749,58.55563818,59.84299469,294654000
01/24/2024,60.27377328,62.81749576,59.90795561,61.33124161,560271000
01/25/2024,62.31875501,62.6875734,60.81950666,61.58612442,482777000
01/26/2024,60.92944842,61.75203783,60.54264515,61.00041199,390309000
01/29/2024,61.20131294,62.45768298,60.87647886,62.43369675,348733000
01/30/2024,62.86847857,63.46117989,62.22879611,62.74253845,410735000
01/31/2024,61.40920803,62.23779496,60.66958102,61.49616623,453795000
2/1/2024,62.06887734,63.15933401,61.61910591,62.99541473,369146000
2/2/2024,63.94192986,66.56661293,63.65807182,66.12683868,476578000
2/5/2024,68.19081647,69.46218235,67.17133086,69.2972641,680078000
2/6/2024,69.59510487,69.71904329,66.26677937,68.18881226,683111000
2/7/2024,68.28475158,70.18479957,67.56611024,70.06385803,495575000
2/8/2024,70.03886832,70.75850859,69.42018296,69.60608673,414422000
2/9/2024,70.49765833,72.14883107,70.17682002,72.09686279,436637000
2/12/2024,72.56361295,74.57360667,71.21429107,72.21179199,613710000
02/13/2024,70.36472691,73.41319411,69.58511896,72.09185791,602580000
02/14/2024,73.1653353,74.19881393,71.90196852,73.8629837,504917000
02/15/2024,73.83198126,73.93792331,72.36371573,72.62158203,420122000
02/16/2024,74.06286101,74.3647116,72.46466337,72.57660675,495327000
02/20/2024,71.91093505,71.91993322,67.70004938,69.41719055,704833000
02/21/2024,67.97192331,68.85348518,66.21480852,67.43819427,673755000
02/22/2024,74.98740934,78.53562599,74.18281239,78.4986496,865100000
02/23/2024,80.749507,82.35269931,77.53111972,78.77749634,829388000
02/26/2024,79.66005756,80.60559028,78.46565671,79.05236816,503973000
02/27/2024,79.34121962,79.44017666,77.1233374,78.66156006,391705000
02/28/2024,77.58109913,78.89343696,77.08634448,77.62407684,393110000
02/29/2024,79.05436845,79.94991557,78.31073797,79.07235718,507289000
3/1/2024,79.95990532,82.25875565,79.39518605,82.23776245,479135000
3/4/2024,84.08783505,87.65105087,83.67704554,85.19428253,615616000
3/5/2024,85.23126464,86.05789247,83.37910949,85.92494965,520639000
3/6/2024,87.98202031,89.68324305,86.99046652,88.65970612,582520000
3/7/2024,90.11703887,92.72485477,89.5612917,92.62689972,608119000
3/8/2024,95.09478712,97.35576071,86.46670414,87.4882431,1142269000
3/11/2024,86.38973231,88.75665264,84.12776001,85.73503113,678364000
3/12/2024,88.00901063,91.91822969,86.11087111,91.87125397,668075000
03/13/2024,91.01363415,91.46242767,88.39482167,90.84671021,635713000
03/14/2024,89.53630643,90.604821,86.56065395,87.9040451,602318000
03/15/2024,86.89051814,89.50532732,86.21782729,87.79710388,642086000
03/18/2024,90.34693053,92.36301235,87.04542993,88.41481018,668976000
03/19/2024,86.66061872,90.50287458,84.97139148,89.35739899,672171000
03/20/2024,89.75620451,90.36893263,88.18292204,90.33094788,479063000
03/21/2024,92.258068,92.60590946,90.36392469,91.39345551,480372000
03/22/2024,91.09959005,94.73493866,90.79273032,94.24616241,586719000
03/25/2024,93.89832442,96.72203797,93.46752047,94.95883942,552136000
03/26/2024,95.80745786,96.33122191,92.45998011,92.51895142,513648000
03/27/2024,93.06969895,93.19763915,89.08251273,90.20899963,586067000
03/28/2024,89.95910798,91.25852037,89.15247544,90.31494904,435212000
4/1/2024,90.2579789,92.18309876,89.16347516,90.32194519,452441000
4/2/2024,88.40781242,90.0530683,87.58019332,89.41136169,433064000
4/3/2024,88.4438063,90.33294714,88.35984482,88.92358398,370067000
4/4/2024,90.36492116,90.59282202,85.84097663,85.8659668,434965000
4/5/2024,86.82653052,88.44080225,85.88696278,87.96801758,399678000
4/8/2024,88.65969606,88.78964187,86.69259553,87.09341431,283220000
4/9/2024,87.40226464,87.59517773,82.98427507,85.31520844,501700000
4/10/2024,83.88787363,87.36029437,83.67096935,86.99945831,431929000
4/11/2024,87.38028195,90.69777432,86.88651071,90.5748291,431637000
4/12/2024,89.65824821,90.13403752,87.49023484,88.14593506,426805000
04/15/2024,89.05752248,90.57183361,85.88996343,85.96192932,443077000
04/16/2024,86.39374131,88.07797355,86.02491324,87.37529755,370453000
04/17/2024,88.29985505,88.73466257,83.91185046,83.99681854,495400000
04/18/2024,84.93140563,86.15085269,82.36457129,84.63253784,447260000
04/19/2024,83.11223818,84.28570097,75.57166564,76.16539001,875198000
04/22/2024,78.06851348,80.03662073,76.36529285,79.48187256,596341000
04/23/2024,80.73231102,82.7314026,80.22754314,82.38555908,438559000
04/24/2024,83.91185402,84.04379783,79.14702163,79.64080048,512208000
04/25/2024,78.83216944,83.28514753,78.1874658,82.59446716,424641000
04/26/2024,83.77993153,88.29088226,83.34912753,87.69515228,551011000
04/29/2024,87.55520361,87.95201878,85.22725938,87.71713257,388971000
04/30/2024,87.20037162,88.77865679,86.26080378,86.36275482,363709000
5/1/2024,85.03834331,85.9609204,81.21807385,83.00326538,559863000
5/2/2024,84.41063277,86.1978225,83.16219963,85.77801514,377898000
5/3/2024,87.74911915,89.24043811,87.00045887,88.74866486,398341000
5/6/2024,89.34939373,92.17811002,89.01454682,92.09814453,376203000
5/7/2024,91.05661474,91.73930312,88.97056486,90.51286316,437342000
5/8/2024,89.44234712,91.1525683,89.3793722,90.3709259,325721000
5/9/2024,90.48787613,91.03062874,88.19092348,88.70668793,378013000
5/10/2024,90.26397379,91.35947654,89.18646061,89.83716583,335325000
05/13/2024,90.43689954,90.95666762,88.48878733,90.35794067,289680000
05/14/2024,89.55830082,91.6093707,88.89360197,91.31450653,296507000
05/15/2024,92.42998889,94.81890247,91.55738441,94.58700562,417735000
05/16/2024,94.86688376,95.77546736,94.06024357,94.31613159,323952000
05/17/2024,94.32613734,94.69696339,91.76429801,92.43698883,359691000
05/20/2024,93.70742274,95.15676116,93.39756597,94.73695374,318764000
05/21/2024,93.5564834,95.35666784,93.13767501,95.34267426,328946000
05/22/2024,95.41563179,95.97637394,93.20663673,94.90686035,548648000
05/23/2024,101.9816472,106.2716971,101.4738747,103.7518463,835065000
05/24/2024,104.4015374,106.4266178,102.9531983,106.4206238,429494000
05/28/2024,110.1939146,114.8867812,109.8330786,113.8492508,652728000
05/29/2024,112.9986472,115.4395316,110.8506214,114.7728348,557442000
05/30/2024,114.5979226,115.7663903,109.6131884,110.4498062,484553000
05/31/2024,112.4688804,112.6657972,106.8914211,109.5831985,613263000
6/3/2024,113.5693826,114.9477539,111.9521138,114.9477539,438392000
6/4/2024,115.6634364,116.5470298,113.9931902,116.3841019,403324000
6/5/2024,118.3172249,122.3933675,117.4146352,122.3843765,528402000
6/6/2024,123.9916489,125.5299513,118.266254,120.9430389,664696000
6/7/2024,119.7155881,121.6367197,117.9683887,120.8330841,412386000
6/10/2024,120.3153195,123.044075,116.9568453,121.7346725,313434100
6/11/2024,121.7246861,122.8242829,118.6958148,120.8650131,222551200
6/12/2024,123.0141937,126.8327716,122.5243783,125.1533966,299595000
06/13/2024,129.3418482,129.7516993,127.1126824,129.5617676,260704500
06/14/2024,129.9116338,132.7905515,128.2722449,131.8309174,309320400
06/17/2024,132.940521,133.6802359,129.5317862,130.9312592,288504400
06/18/2024,131.0911911,136.2792619,130.6413616,135.529541,294335100
06/20/2024,139.7479703,140.7076045,129.4717977,130.7313232,517768400
06/21/2024,127.0726942,130.58139,124.253744,126.5228958,649445800
06/24/2024,123.1941279,124.413675,117.9960664,118.06604,476060900
06/25/2024,121.1548885,126.452919,119.275591,126.0430679,414192600
06/26/2024,126.0830549,128.0723121,122.5543699,126.3529587,362975900
06/27/2024,124.053815,126.3629605,122.8742538,123.9438553,252571700
06/28/2024,124.5336324,127.6624646,122.7043117,123.4940186,315516700
7/1/2024,123.4240531,124.7935384,118.7857804,124.253746,284885500
7/2/2024,121.0849236,123.3640816,120.9849624,122.6243515,218374000
7/3/2024,121.6147228,128.232254,121.3148314,128.232254,215749000
7/5/2024,127.3325912,128.8020529,125.6332269,125.7831726,214176700
7/8/2024,127.4425479,130.7213335,126.9927184,128.1522827,237677300
7/9/2024,130.3015002,133.7702102,128.6021206,131.3311157,285366600
7/10/2024,133.9801248,135.049734,132.3707233,134.8598022,248978600
7/11/2024,135.6994837,136.0993287,127.0027242,127.3525925,374782700
7/12/2024,128.2122635,131.8709051,127.1726572,129.1919098,252680500
07/15/2024,130.5114027,131.3410956,127.1326635,128.3921967,208326200
07/16/2024,128.392193,128.9919605,124.5336292,126.3129654,214769500
07/17/2024,121.3048253,121.8046391,116.6765516,117.9460754,390086200
07/18/2024,121.8046488,122.3544471,116.5166167,121.0449295,320979500
07/19/2024,120.3052137,121.5547485,117.3263269,117.886116,217223800
07/22/2024,120.3052035,124.0238201,119.815388,123.4940186,258068900
07/23/2024,122.7343043,124.6435971,122.0545571,122.5443726,173911000
07/24/2024,119.1256406,119.905349,113.3977777,114.2074738,327776900
07/25/2024,112.9979242,116.5865842,106.2604352,112.238205,460067000
07/26/2024,116.1467615,116.1567523,111.5384765,113.0179214,293399100
07/29/2024,113.6476864,116.2367187,111.2585766,111.5484619,248152100
07/30/2024,111.4784927,111.948319,102.5018391,103.6913986,486833300
07/31/2024,112.8579788,118.2959488,110.8387264,116.9764404,473174200
8/1/2024,117.4862608,120.1152869,106.7702489,109.1693573,523462300
8/2/2024,103.7213765,108.6795292,101.3322668,107.2300644,482027500
8/5/2024,92.02573599,103.371518,90.65625074,100.4126129,552842400
8/6/2024,103.8013458,107.6699081,100.5125771,104.2111969,409012100
8/7/2024,107.7698734,108.7595104,98.65327249,98.87319183,411440400
8/8/2024,101.9620353,105.4607326,97.48369943,104.9309311,391910000
8/9/2024,105.6006896,106.5603315,103.3915129,104.7110214,290844200
8/12/2024,106.280424,111.0286559,106.2204487,108.9794159,325559900
08/13/2024,112.3981515,116.1867417,111.5384709,116.0967712,312646700
08/14/2024,118.485886,118.5558596,114.0275468,118.0360565,339246400
08/15/2024,118.7157976,123.1941258,117.4262769,122.81427,318086700
08/16/2024,121.8946136,124.9534722,121.1348944,124.5336304,302589900
08/19/2024,124.2337421,129.9516144,123.3740616,129.9516144,318333600
08/20/2024,128.3522103,129.8316705,125.8431499,127.2026443,300087400
08/21/2024,127.2726178,129.3018687,126.6128674,128.452179,257883600
08/22/2024,129.9716161,130.7013401,123.0541856,123.6939468,376189100
08/23/2024,125.8131504,129.5517637,125.1733893,129.3218384,323230300
08/26/2024,129.5217841,131.2111423,124.3237149,126.4129333,331964700
08/27/2024,125.0034677,129.1519173,123.8338973,128.2522583,303134600
08/28/2024,128.0723157,128.2822443,122.5943594,125.5632553,448101100
08/29/2024,121.3148354,124.3836925,116.6665644,117.5462341,453023300
08/30/2024,119.4855133,121.7046883,117.1763754,119.3255768,333751600
9/3/2024,115.9668214,116.1667439,107.2500659,107.9598007,477155100
9/4/2024,105.3707659,113.2278331,104.0812452,106.1704636,372470300
9/5/2024,104.9509224,109.6091917,104.7210122,107.1700974,306850700
9/6/2024,107.9997849,108.1097446,100.9124201,102.7917252,413638100
9/9/2024,104.8409544,106.5103386,103.6514026,106.4303665,273912000
9/10/2024,107.7698681,109.3592802,104.910932,108.059761,268283700
9/11/2024,109.3492805,117.1463801,107.3800126,116.8664856,441422400
9/12/2024,116.8065064,120.7553788,115.3469258,119.1058502,366052700
09/13/2024,119.045866,119.925611,117.5662869,119.0658569,238358300
09/16/2024,116.7565203,118.1461212,114.3272166,116.746521,248772300
09/17/2024,118.1361241,118.7659484,114.7970852,115.5568619,231925900
09/18/2024,115.8567757,117.6662544,113.187543,113.3375015,310318900
09/19/2024,117.3163494,119.6256922,117.2163796,117.8362045,293506400
09/20/2024,117.0264371,118.5859951,115.3569177,115.9667435,382462400
09/23/2024,116.5165947,116.9564634,114.8270767,116.2266769,206228500
09/24/2024,116.4865911,121.7650837,115.3469185,120.83535,354966800
09/25/2024,121.9850158,124.9041845,121.5751373,123.4745941,284692900
09/26/2024,126.7636512,127.6333969,121.7650846,124.0044403,302582900
09/27/2024,123.9344669,123.9944473,119.2258179,121.3652039,271009200
09/30/2024,118.2760819,121.4651699,118.1161317,121.4051895,226553700
10/1/2024,121.7350825,122.4048962,115.7568014,116.9664536,302094500
10/2/2024,116.406628,119.3457801,115.1069975,118.8159332,221845900
10/3/2024,120.8853342,124.3243505,120.3054986,122.8147812,277118000
10/4/2024,124.9041843,125.0041541,121.7950753,124.8841858,243678100
10/7/2024,124.9541745,130.6025567,124.914185,127.6833954,346250200
10/8/2024,130.2226474,133.4417254,129.3828919,132.8518982,285722500
10/9/2024,134.0715572,134.4814433,131.342344,132.611969,246191600
10/10/2024,131.8721995,134.9613103,130.9624567,134.7713623,242311300
10/11/2024,133.9715857,135.7410826,133.6216951,134.7613678,170209500
10/14/2024,136.4308937,139.5600016,136.2609442,138.0304413,232347700
10/15/2024,137.8304783,138.5302898,128.7031055,131.5622864,377831000
10/16/2024,133.9415847,136.5808272,131.5422788,135.6810913,264879700
10/17/2024,139.30006,140.8496188,136.8307667,136.8907471,306435900
10/18/2024,138.63024,138.8601698,137.2406392,137.960434,176090200
10/21/2024,138.0904058,143.668808,137.9604382,143.668808,264554500
10/22/2024,142.8690456,144.3786073,141.7393646,143.5488434,226311600
10/23/2024,141.9892821,142.3891614,137.4206002,139.519989,285930000
10/24/2024,140.7796371,141.3094839,138.4203131,140.369751,172354900
10/25/2024,140.8895944,144.0886893,140.7596421,141.4994202,205122100
10/28/2024,142.9590059,143.0989651,140.0098546,140.4797211,173586700
10/29/2024,140.2497717,142.2192081,138.8601708,141.2095032,157593600
10/30/2024,139.4999884,140.2897705,136.7707754,139.3000488,179418100
10/31/2024,137.5605633,137.5705549,132.0721315,132.7219391,270039600
11/1/2024,134.6613945,137.2706471,134.5314421,135.3611908,207127800
11/4/2024,137.1706727,138.920171,135.5311435,136.0110016,187528200
11/5/2024,137.4105869,140.3297479,137.2906262,139.8698883,160537400
11/6/2024,142.9190185,146.4480051,141.9193052,145.5682526,242043900
11/7/2024,146.3480494,148.8873148,146.1281112,148.8373413,207323300
11/8/2024,148.7273495,149.7270628,146.2180594,147.587677,175665800
11/11/2024,148.637371,148.8073357,143.5288506,145.2183533,182325600
11/12/2024,146.7379056,149.6070776,145.9681221,148.247467,198634700
11/13/2024,149.0272735,149.2871935,145.8581688,146.2280731,191903300
11/14/2024,147.5976787,148.9572894,145.5082814,146.717926,194463300
11/15/2024,144.828456,145.1983603,140.0398362,141.9392853,250132900
11/18/2024,139.4599948,141.5094099,137.1106626,140.1098022,221205300
11/19/2024,141.2794938,147.0878257,140.9495865,146.9678497,227834900
11/20/2024,147.3677436,147.5176945,142.6890773,145.848175,309871700
11/21/2024,149.3072,152.8461787,140.6596701,146.6279602,400946600
11/22/2024,145.8881722,147.1178307,141.0595698,141.909317,236406200
11/25/2024,141.9492922,142.0092726,135.7810632,135.9810028,344941900
11/26/2024,137.6605278,139.2600753,135.6311109,136.8807526,190287700
11/27/2024,134.971286,137.1806591,131.7622149,135.3011932,226370900
11/29/2024,136.7407931,139.3100637,136.0110066,138.2103729,141863200
12/2/2024,138.7902106,140.4097414,137.7805056,138.590271,171682800
12/3/2024,138.220376,140.4997214,137.9104672,140.2198029,164414000
12/4/2024,141.9593044,145.7482115,140.2497878,145.0984039,231224300
12/5/2024,145.078404,146.5080853,143.9186529,145.0284119,172621200
12/6/2024,144.5685301,145.6682815,141.2792377,142.4089966,188505600
12/9/2024,138.9397234,139.9195057,137.100128,138.7797546,189308600
12/10/2024,138.9797174,141.7891182,133.7608531,135.0405884,210020900
12/11/2024,137.3300757,140.1394611,135.1805502,139.2796478,184905200
12/12/2024,137.0501512,138.4098557,135.7704312,137.3100891,159211400
12/13/2024,138.9097453,139.5696052,132.5111298,134.2207642,231514900
12/16/2024,134.1507548,134.3707081,130.3915796,131.9712372,237951100
12/17/2024,129.0618828,131.5613384,126.8323728,130.3616028,259410300
12/18/2024,133.8308463,136.6702241,128.2520598,128.8819275,277444500
12/19/2024,131.7312863,134.000796,129.5217764,130.6515198,209719200
12/20/2024,129.7817201,135.2505298,128.1920702,134.6706543,306528600
12/23/2024,136.2503112,139.7595411,135.0905603,139.6395721,176053500
12/24/2024,139.9695151,141.8690952,138.6198029,140.1894684,105157000
12/26/2024,139.6695752,140.819334,137.700003,139.8995209,116205600
12/27/2024,138.5198214,138.9897202,134.6806616,136.9801483,170582600
12/30/2024,134.8006283,140.2394456,133.9908072,137.4600525,167734700
12/31/2024,137.9999487,138.0399485,133.8008661,134.2607574,155659200
1/2/2025,135.9703822,138.8497599,134.6006855,138.2798767,198247200
1/3/2025,139.9795022,144.8684366,139.6995644,144.4385376,229322500
1/6/2025,148.5576323,152.126862,147.787811,149.3974457,265377400
1/7/2025,152.9966575,153.0966419,139.97949,140.1094666,351782200
1/8/2025,142.5489463,143.918643,137.5300354,140.079483,227349900
1/10/2025,137.4200749,139.8895384,134.1907823,135.8804169,207602500
01/13/2025,129.9617039,133.4609419,129.4817975,133.2009888,204808900
01/14/2025,136.0203668,136.3502967,130.0216738,131.7312927,195590500
01/15/2025,133.6208947,136.4202881,131.2614079,136.2103424,185217300
01/16/2025,138.6097964,138.719773,133.4609244,133.5409088,209235600
01/17/2025,136.6602259,138.4698291,135.4304981,137.6800079,201188800
01/21/2025,139.1296972,141.7991139,137.0601407,140.7993317,197749000
01/22/2025,144.6285153,147.7578236,143.6387253,147.0379944,237651400
01/23/2025,145.0184169,147.1979348,143.6887047,147.1879425,155915500
01/24/2025,148.3376757,148.9375511,141.8490992,142.5889282,234657600
01/27/2025,124.7728264,128.3720333,116.6745841,118.3942108,818830900
01/28/2025,121.7834698,128.9719064,116.2246831,128.9619141,579666400
01/29/2025,126.4724508,126.8623653,120.0238586,123.6730576,467120600
01/30/2025,123.0731906,124.9727784,118.0742795,124.6228561,392925500
01/31/2025,123.753045,127.8221584,119.1640481,120.0438538,388161100
2/3/2025,114.7250101,118.5441779,112.9853911,116.6345978,371235700
2/4/2025,116.9345264,121.1736008,116.6745809,118.6241608,256550000
2/5/2025,121.7334797,124.9727718,120.7336975,124.8028107,262230800
2/6/2025,127.3922422,128.7419543,125.1827246,128.6519623,251483600
2/7/2025,129.1918617,130.3416052,124.9727794,129.8117218,228186300
2/10/2025,130.061656,134.97059,129.9316946,133.5409088,216989100
2/11/2025,132.5511343,134.4507145,130.9914764,132.7710876,178902400
2/12/2025,129.9916838,132.2112014,129.0518861,131.1114349,160278600
02/13/2025,131.5313452,136.4702718,131.1414307,135.2605286,197430000
02/14/2025,136.450269,139.21967,135.4704867,138.8197632,195479600
02/18/2025,141.2392474,143.4087731,137.899963,139.3696442,219176600
02/19/2025,139.4796143,141.3292176,137.1901197,139.1996765,167536000
02/20/2025,139.9994986,140.6293663,136.7601988,140.079483,143903600
02/21/2025,140.0094897,141.4291938,134.0008043,134.4007111,228217600
02/24/2025,136.5302641,138.5598209,130.0516793,130.2516327,251381100
02/25/2025,129.9516858,130.1716391,124.4128992,126.602417,271428700
02/26/2025,129.9617066,133.7008827,128.4620332,131.2514191,322553800
02/27/2025,134.9705968,134.9805892,119.9838638,120.1238327,443175800
02/28/2025,117.994293,125.0627529,116.3746507,124.8927917,389091100
3/3/2025,123.4831027,123.6730561,112.2555451,114.0351563,411381400
3/4/2025,110.6259036,119.2840136,110.0860203,115.9647369,398163300
3/5/2025,117.55439,118.2542345,114.485059,117.2744522,284337900
3/6/2025,113.5052758,115.3248792,110.1959991,110.5459213,321181900
3/7/2025,111.2257699,113.4552875,107.5365711,112.6654587,341755500
3/10/2025,109.8760654,111.8256376,105.43703,106.9567032,366487400
3/11/2025,106.9666941,112.2155506,104.7471764,108.7363129,354865700
3/12/2025,114.1056496,116.745317,112.8658001,115.725441,323857500
03/13/2025,117.0152747,117.7451862,113.7756845,115.5654602,299033100
03/14/2025,118.595081,121.8646663,118.1351397,121.6546936,277593500
03/17/2025,122.7245565,122.8745391,118.01515,119.5149612,255501500
03/18/2025,117.9851502,119.0050185,114.5255866,115.4154739,299686900
03/19/2025,117.2552423,120.4348425,115.665446,117.5052109,273426200
03/20/2025,116.5353367,120.1848713,116.455345,118.5150833,248829700
03/21/2025,116.9252894,117.9751527,115.4054764,117.6851883,266498500
03/24/2025,119.8649157,122.2046253,119.3249827,121.3947296,228452500
03/25/2025,120.5348382,121.2747429,118.9050383,120.6748199,167447200
03/26/2025,118.7150653,118.8250445,112.6958184,113.7456894,293463300
03/27/2025,111.3359933,114.4356019,110.6460853,111.4159851,236902100
03/28/2025,111.475975,112.8558063,109.0562812,109.6562042,229872500
03/31/2025,105.1167724,110.9460408,103.6369628,108.3663635,299212700
4/1/2025,108.5063392,110.186128,106.4566017,110.1361389,222614000
4/2/2025,107.2765016,111.9659139,106.7765645,110.406105,220601200
4/3/2025,103.4969772,105.6167056,101.5872139,101.7871933,338769400
4/4/2025,98.8975613,100.1174014,92.09841365,94.29813385,532273800
4/7/2025,87.44898959,101.7371917,86.60909899,97.62770844,611041300
4/8/2025,103.7969372,105.8366815,94.4481151,96.28788757,476243400
4/9/2025,98.87755356,115.0855125,97.51772411,114.3156128,612918300
4/10/2025,109.3562417,110.8460521,99.13752639,107.5564651,437812400
4/11/2025,108.4863441,111.5359632,107.4664758,110.9160385,313417300
04/14/2025,114.0956415,114.2756191,109.0562748,110.6960678,264705000
04/15/2025,110.9560416,113.6057097,110.4860995,112.1858826,228966900
04/16/2025,104.5368501,106.7765661,100.4373598,104.4768524,397016900
04/17/2025,104.4368529,104.4568546,100.0374127,101.4772263,292517500
04/21/2025,98.75757087,99.42749238,95.0280444,96.89781189,288501100
04/22/2025,98.76756908,99.79743825,97.26775783,98.87755585,241004800
04/23/2025,104.5068447,104.7868159,102.0071593,102.6970749,247526000
04/24/2025,103.4669775,106.5265899,103.0970213,106.4166031,220815000
04/25/2025,106.8365599,111.9059219,105.7167056,110.9960403,251064700
04/28/2025,109.6761945,110.3561092,106.0066506,108.7163162,207708500
04/29/2025,107.6564504,110.1861308,107.4264836,109.006279,170444300
04/30/2025,104.4568586,108.9062958,104.0669083,108.9062958,235044600
5/1/2025,113.0657711,114.9255377,111.2859963,111.5959549,236121500
5/2/2025,114.1656363,115.385484,113.3557406,114.4855957,190194800
5/5/2025,112.8957978,114.6555709,112.6458292,113.8056793,133163200
5/6/2025,111.4659803,114.7255647,110.8060596,113.5257187,158525600
5/7/2025,113.0357827,117.6651976,112.2658753,117.0452728,206758800
5/8/2025,118.2351264,118.6650727,115.8354268,117.3552399,198428100
5/9/2025,117.3352314,118.2151256,115.1955013,116.6353226,132972200
5/12/2025,121.9546584,122.9845276,120.2648685,122.9845276,225023300
05/13/2025,124.9642838,131.2034968,124.4543458,129.9136505,330430100
05/14/2025,133.1832374,135.422961,131.6634244,135.3229675,281180800
05/15/2025,134.2730935,136.2828503,132.643309,134.8130341,226632600
05/16/2025,136.2028693,136.3328578,133.4432219,135.3829651,226542500
05/19/2025,132.3733402,135.852898,132.3733402,135.552948,193154600
05/20/2025,134.2730826,134.5630546,132.6032948,134.3630829,161514200
05/21/2025,133.0432527,137.3827029,130.5735623,131.7834167,270608700
05/22/2025,132.2133628,134.233113,131.5334557,132.8132935,187344000
05/23/2025,129.9836522,132.6633079,129.1437615,131.2734833,198821300
05/27/2025,134.1331045,135.6429242,133.293214,135.4829407,192953600
05/28/2025,136.0128928,137.2327407,134.7730433,134.793045,304021100
05/29/2025,142.2321134,143.471963,137.8926628,139.1725006,369241900
05/30/2025,138.7025513,139.602432,132.9032779,135.1130066,333170900
6/2/2025,135.4729551,138.1026138,135.3829549,137.3627167,197663100
6/3/2025,138.7625294,141.9821253,137.9326321,141.2022247,225578800
6/4/2025,142.1721157,142.3720875,139.5224399,141.9021454,167120800
6/5/2025,142.1521153,143.981887,138.8125391,139.9723969,231397900
6/6/2025,142.4920576,143.2519717,141.4921834,141.7021637,153986200
6/9/2025,143.1719877,144.9817575,141.9221449,142.6120605,185114500
6/10/2025,142.67205,144.2718396,141.5121923,143.9418945,155881900
6/11/2025,144.6018436,144.981827,141.8619926,142.8219452,167694000
6/12/2025,141.9619934,144.9918213,141.8420051,144.9918213,162365000
06/13/2025,142.4719561,143.5719001,140.8420584,141.9619904,180820600
06/16/2025,143.3419183,146.1717452,143.1919176,144.681839,183133700
06/17/2025,144.4818517,145.2118062,143.771885,144.1118622,139108000
06/18/2025,144.0018682,145.6417751,143.1119191,145.4717865,161494100
06/20/2025,145.441789,146.1917467,142.6419439,143.8418884,242956200
06/23/2025,142.4919613,144.7718314,142.0219866,144.1618652,154308900
06/24/2025,145.5517831,147.9516568,145.4917889,147.8916473,187566100
06/25/2025,149.2615908,154.4412915,149.2515816,154.3013,269146500
06/26/2025,155.9711983,156.7111621,153.9913142,155.011261,198145700
06/27/2025,156.0311938,158.7010567,155.251239,157.7411041,263234500
06/30/2025,158.3910596,158.6510547,155.9512101,157.9810944,194580300
7/1/2025,156.2811884,157.1911408,151.481471,153.2913666,213143600
7/2/2025,152.9713711,157.591121,152.9613772,157.2411346,171224100
7/3/2025,158.3610624,160.9709158,157.7611054,159.3310089,143716100
7/7/2025,158.1910728,159.3010108,157.3311207,158.2310791,140139000
7/8/2025,159.3210216,160.2109709,158.3810722,159.9909821,138133000
7/9/2025,161.210909,164.4107255,161.1509149,162.8708191,183656400
7/10/2025,164.3107481,164.4907306,161.6008941,164.0907593,167704100
7/11/2025,163.7107762,167.8805394,163.4607903,164.9107056,193633300
07/14/2025,165.360675,165.4806786,162.010873,164.0607605,136975800
07/15/2025,171.1803465,172.3902697,169.1904533,170.6903687,230627400
07/16/2025,171.0503562,171.7403198,168.8904743,171.3603363,158831500
07/17/2025,172.0103091,174.1501879,170.8203738,172.9902496,160841100
07/18/2025,173.6302102,174.2401764,171.2503395,172.4002838,146456400
07/21/2025,172.740264,173.3702334,170.9903626,171.3703461,123126100
07/22/2025,171.3303387,171.380339,164.5707253,167.0205841,193114300
07/23/2025,169.520441,171.2503391,167.9605313,170.7703705,154082200
07/24/2025,172.4302796,173.8202006,171.2903445,173.7302094,128984600
07/25/2025,173.6002135,174.7101516,172.9502563,173.4902191,122316800
07/28/2025,174.0101942,176.9900219,173.9601939,176.740036,140023500
07/29/2025,177.9499655,179.3698836,175.010129,175.5000916,154077500
07/30/2025,176.5000487,179.8798631,176.030074,179.259903,174312200
07/31/2025,182.8896854,183.289672,175.920077,177.8599701,221685400
8/1/2025,174.0801793,176.5300381,170.8803628,173.7102051,204529000
8/4/2025,175.1501294,180.1898386,174.5101661,179.9898529,148174600
8/5/2025,179.6098629,180.2498261,175.8900715,178.249939,156407600
8/6/2025,176.3200595,179.8898503,176.2400622,179.4098816,137192300
8/7/2025,181.5597693,183.8696367,178.7899213,180.7598114,151878400
8/8/2025,181.5397682,183.2896695,180.3898239,182.6896973,123396700
8/11/2025,182.0397345,183.8296268,180.2398329,182.0497284,138323200
8/12/2025,182.9496878,184.4695911,179.4498852,183.1496735,145485700
08/13/2025,182.6096984,183.9596284,179.3398938,181.5797577,179871700
08/14/2025,179.7398589,183.0096787,179.449882,182.0097351,129554000
08/15/2025,181.8697466,181.8897345,178.0299516,180.4398193,156602200
08/18/2025,180.5898165,182.9296808,180.5798073,181.9997253,132008000
08/19/2025,182.4197069,182.4897103,175.480111,175.6300964,185229200
08/20/2025,175.1601234,175.9900785,168.7904874,175.3901062,215142700
08/21/2025,174.840141,176.8900131,173.8001911,174.9701233,140040900
08/22/2025,172.6002638,178.5799222,171.1903397,177.9799652,172789400
08/25/2025,178.3399565,181.8997535,176.5600581,179.7998657,163012800
08/26/2025,180.0498401,182.3797105,178.7999106,181.7597504,168688200
08/27/2025,181.9697357,182.4797167,179.0899084,181.5897675,235518900
08/28/2025,180.8098083,184.4595963,176.4000534,180.1598358,281787800
08/29/2025,178.0999522,178.1399433,173.1402253,174.170166,243257900
9/2/2025,169.9904157,172.3702864,167.2105736,170.7703705,231164900
9/3/2025,171.0503597,172.4002898,168.8704899,170.6103821,164424900
9/4/2025,170.5603947,171.8503153,169.4004564,171.6503296,141670100
9/5/2025,168.0205272,169.0204708,164.0607589,167.0105896,224441400
9/8/2025,167.5405549,170.9503663,167.3405693,168.3005066,163769100
9/9/2025,169.0804622,170.970355,166.7306039,170.7503662,157548400
9/10/2025,176.6300438,179.2798883,175.4601115,177.3200073,226852000
9/11/2025,179.6799927,180.2799988,176.4799957,177.1699982,151159300
9/12/2025,177.7700043,178.6000061,176.4499969,177.8200073,124911000
09/15/2025,175.6699982,178.8500061,174.5099945,177.75,147061600
09/16/2025,177,177.5,174.3800049,174.8800049,140737800
09/17/2025,172.6399994,173.1999969,168.4100037,170.2899933,211843800
09/18/2025,173.9799957,177.1000061,172.9600067,176.2400055,191763300
09/19/2025,175.7700043,178.0800018,175.1799927,176.6699982,237182100
09/22/2025,175.3000031,184.5500031,174.7100067,183.6100006,269637000
09/23/2025,181.9700012,182.4199982,176.2100067,178.4299927,192559600
09/24/2025,179.7700043,179.7799988,175.3999939,176.9700012,143564100
09/25/2025,174.4799957,180.2599945,173.1300049,177.6900024,191586700
09/26/2025,178.1699982,179.7700043,174.9299927,178.1900024,148573700
09/29/2025,180.4299927,184,180.3200073,181.8500061,193063500
09/30/2025,182.0800018,187.3500061,181.4799957,186.5800018,236981000
10/1/2025,185.2400055,188.1399994,183.8999939,187.2400055,173844900
10/2/2025,189.6000061,191.0500031,188.0599976,188.8899994,136805800
10/3/2025,189.1900024,190.3600006,185.3800049,187.6199951,137596900
10/6/2025,185.5,187.2299957,183.3300018,185.5399933,156436000
